epoch,total_loss,avg_loss,training_accuracy,samples
1,836.005,0.0836005,33.15,10000
2,658.155,0.0658155,56.91,10000
3,573.744,0.0573744,66.35,10000
