epoch,total_loss,avg_loss,training_accuracy,samples
1,817.834,0.0817834,36.81,10000
2,652.529,0.0652529,57.93,10000
3,567.404,0.0567404,66.77,10000
