epoch,total_loss,avg_loss,training_accuracy,samples
1,900.436,0.0900436,19.24,10000
2,879.574,0.0879574,26.07,10000
3,839.613,0.0839613,31.66,10000
