epoch,total_loss,avg_loss,training_accuracy,samples
1,816.703,0.0816703,36.06,10000
2,658.16,0.065816,57.42,10000
3,576.414,0.0576414,66.05,10000
