epoch,total_loss,avg_loss,training_accuracy,samples
1,849.188,0.0849188,39.44,10000
2,712.295,0.0712295,59.01,10000
3,606.98,0.060698,71.76,10000
