epoch,total_loss,avg_loss,training_accuracy,samples
1,899.19,0.089919,19.88,10000
2,878.463,0.0878463,26.6,10000
3,836.883,0.0836883,32.39,10000
