epoch,total_loss,avg_loss,samples
1,11986.4,1.19864,10000
2,9106.87,0.910687,10000
3,9062.95,0.906295,10000
4,9026.59,0.902659,10000
5,8995.38,0.899538,10000
6,8967.79,0.896779,10000
7,8941.37,0.894137,10000
8,8917.14,0.891714,10000
9,8894.39,0.889439,10000
10,8871.53,0.887153,10000
